software.sava.services.core.request_capacity.trackers.RootErrorTracker,expireOldFailures,88,RemoveConditionalMutator_EQUAL_IF,SURVIVED
software.sava.services.core.request_capacity.trackers.RootErrorTracker,expireOldFailures,89,ConditionalsBoundaryMutator,SURVIVED
software.sava.services.core.request_capacity.trackers.RootErrorTracker,expireOldFailures,89,RemoveConditionalMutator_EQUAL_IF,SURVIVED
software.sava.services.core.request_capacity.trackers.RootErrorTracker,expireOldFailures,94,ConditionalsBoundaryMutator,SURVIVED
software.sava.services.core.request_capacity.trackers.RootErrorTracker,expireOldFailures,94,RemoveConditionalMutator_ORDER_IF,SURVIVED
software.sava.services.core.request_capacity.trackers.RootErrorTracker,produceErrorResponseSnapshot,116,RemoveConditionalMutator_EQUAL_ELSE,SURVIVED
software.sava.services.core.request_capacity.trackers.RootErrorTracker,produceErrorResponseSnapshot,125,ConditionalsBoundaryMutator,SURVIVED
software.sava.services.core.request_capacity.trackers.RootErrorTracker,produceErrorResponseSnapshot,125,RemoveConditionalMutator_EQUAL_ELSE,SURVIVED
software.sava.services.core.request_capacity.trackers.RootErrorTracker,produceErrorResponseSnapshot,125,RemoveConditionalMutator_EQUAL_IF,SURVIVED
software.sava.services.core.request_capacity.trackers.RootErrorTracker,produceErrorResponseSnapshot,125,RemoveConditionalMutator_ORDER_ELSE,SURVIVED
software.sava.services.core.request_capacity.trackers.RootErrorTracker,produceErrorResponseSnapshot,130,RemoveConditionalMutator_EQUAL_IF,SURVIVED
software.sava.services.core.request_capacity.trackers.RootErrorTracker,produceErrorResponseSnapshot,134,RemoveConditionalMutator_EQUAL_ELSE,SURVIVED
software.sava.services.core.request_capacity.trackers.RootErrorTracker,test,59,VoidMethodCallMutator,SURVIVED
software.sava.services.core.request_capacity.trackers.RootErrorTracker,test,60,RemoveConditionalMutator_EQUAL_IF,SURVIVED
software.sava.services.core.request_capacity.trackers.RootErrorTracker,test,61,RemoveConditionalMutator_EQUAL_IF,SURVIVED
software.sava.services.core.request_capacity.trackers.RootErrorTracker,test,68,VoidMethodCallMutator,SURVIVED
